{
  "last_global_save_timestamp": 1764321421.545503,
  "nodes": {
    "d63cf099-bb6c-44a4-bcf2-e3c848f65ae8": {
      "id": "d63cf099-bb6c-44a4-bcf2-e3c848f65ae8",
      "dimension_links": [
        "dim_theme:json",
        "dim_structural:container",
        "dim_child_link:69438156-4015-450f-8c40-6ca4dd4b0734",
        "dim_child_link:2c7d74a3-f84b-4acc-8982-a7ad3f591c08"
      ],
      "payload": {
        "concept": "TEST_CONVERSATION",
        "status": "testing",
        "type": "unit_test"
      },
      "last_modified_timestamp": 1764321421.545503
    },
    "2c7d74a3-f84b-4acc-8982-a7ad3f591c08": {
      "id": "2c7d74a3-f84b-4acc-8982-a7ad3f591c08",
      "dimension_links": [
        "dim_theme:dyn_status",
        "dim_adapted_from:BINARY",
        "dim_mutator:JSON",
        "dim_parent_link:d63cf099-bb6c-44a4-bcf2-e3c848f65ae8"
      ],
      "payload": {
        "concept": "DYN_testing",
        "json_leaf_data": {
          "status": "testing",
          "type": "unit_test"
        },
        "structural_role": "dynamic_content"
      },
      "last_modified_timestamp": 1764321421.5454626
    }
  }
}