<?xml version="1.0" encoding="utf-8"?>
<network-security-config>
    <!-- Allow cleartext only for localhost (for debugging) -->
    <domain-config cleartextTrafficPermitted="true">
        <domain includeSubdomains="true">127.0.0.1</domain>
        <domain includeSubdomains="true">localhost</domain>
    </domain-config>
    
    <!-- Base config: HTTPS only -->
    <base-config cleartextTrafficPermitted="false">
        <trust-anchors>
            <certificates src="system" />
        </trust-anchors>
    </base-config>
</network-security-config>
